{
	"mob.snake.idle": {
		"category": "neutral",
		"sounds": [
			{
				"name": "sounds/snake/idle1",
				"volume": 10.94
			},
			{
				"name": "sounds/snake/idle2",
				"volume": 10.94
			}
		]
	},
	"mob.snake.hurt": {
		"category": "neutral",
		"sounds": [
			{
				"name": "sounds/snake/hurt1",
				"volume": 10.9
			},
	
			{
				"name": "sounds/snake/hurt2",
				"volume": 10.94
			}
		]
	},
	"mob.snake.death": {
		"category": "neutral",
		"sounds": [
			{
				"name": "sounds/snake/hurt1",
				"volume": 10.1
			},
			{
				"name": "sounds/snake/hurt2",
				"volume": 10.94
			}
		]
	},
	"mob.snake.step": {
		"category": "neutral",
		"sounds": [
			{
				"name": "sounds/snake/step1",
				"volume": 10.1
			},
	
			{
				"name": "sounds/snake/step2",
				"volume": 10.94
			}
		]
	},
	"mob.snake.say": {
		"category": "neutral",
		"sounds": [
			{
				"name": "sounds/snake/say1",
				"volume": 10.1
			},
			{
				"name": "sounds/snake/say2",
				"volume": 10.94
			}
		]
	}
}