{
	"geometry.mgila": {
		"texturewidth": 128,
		"textureheight": 128,
		"visible_bounds_width": 4,
		"visible_bounds_height": 1,
		"visible_bounds_offset": [0, 0.5, 0],
		"bones": [
			{
				"name": "head",
				"pivot": [0, 0, 0],
				"cubes": [
					{"origin": [-3, 2, -5], "size": [3, 3, 6], "uv": [0, 0]}
				]
			},
			{
				"name": "body1",
				"pivot": [2, 6, -4],
				"cubes": [
					{"origin": [-3.5, 1, 1], "size": [4, 4.5, 11], "uv": [0, 0]}
				]
			},
			{
				"name": "body2",
				"pivot": [0, 0, 0],
				"rotation": [-10, 0, 0],
				"cubes": [
					{"origin": [-3, 4, 11], "size": [3, 3, 6], "uv": [0, 0]},
					{"origin": [-2.5, 4.5, 16], "size": [2, 2, 10], "uv": [0, 0]}
				]
			},
			{
				"name": "body4",
				"pivot": [0, 0, 0],
				"rotation": [0, 0, -25],
				"cubes": [
					{"origin": [-6, 3, 3], "size": [5, 1, 1], "uv": [0, 0]},
					{"origin": [-7, 3, 9], "size": [5, 1, 1], "uv": [0, 0]}
				]
			},
			{
				"name": "body5",
				"pivot": [0, 0, 0],
				"rotation": [0, 0, 25],
				"cubes": [
					{"origin": [-1.5, 2, 3], "size": [5, 1, 1], "uv": [0, 0]},
					{"origin": [-1.5, 2, 8], "size": [5, 1, 1], "uv": [0, 0]}
				]
			},
			{
				"name": "body6",
				"pivot": [0, 0, 0],
				"cubes": [
					{"origin": [0, 0, 12], "size": [1, 1, 1], "uv": [0, 0]}
				]
			},
			{
				"name": "body7",
				"pivot": [0, 0, 0],
				"cubes": [
					{"origin": [0, 0, 14], "size": [1, 1, 1], "uv": [0, 0]}
				]
			},
			{
				"name": "body8",
				"pivot": [0, 0, 0],
				"cubes": [
					{"origin": [0, 0, 16], "size": [1, 1, 1], "uv": [0, 0]}
				]
			},
			{
				"name": "body9",
				"pivot": [0, 0, 0],
				"cubes": [
					{"origin": [0, 0, 18], "size": [1, 1, 1], "uv": [0, 0]}
				]
			},
			{
				"name": "body10",
				"pivot": [0, 0, 0],
				"cubes": [
					{"origin": [0, 0, 20], "size": [1, 1, 1], "uv": [0, 0]}
				]
			},
			{
				"name": "body11",
				"pivot": [0, 0, 0],
				"cubes": [
					{"origin": [0, 0, 22], "size": [1, 1, 1], "uv": [0, 0]}
				]
			},
			{
				"name": "body12",
				"pivot": [0, 0, 0],
				"cubes": [
					{"origin": [0, 0, 24], "size": [1, 1, 1], "uv": [0, 0]}
				]
			},
			{
				"name": "bodyfinal",
				"pivot": [2, 6, -4],
				"cubes": [
					{"origin": [0, 15, 0], "size": [0, 0, 0], "uv": [0, 0]}
				]
			}
		]
	}
}