{
	"geometry.snake_7": {
		"texturewidth": 256,
		"textureheight": 128,
		"visible_bounds_width": 11,
		"visible_bounds_height": 1,
		"visible_bounds_offset": [0, 0.5, 0],
		"bones": [
			{
				"name": "head",
				"pivot": [0, 0, 0],
				"cubes": [
					{"origin": [-5, 0, -57], "size": [8, 8, 8], "uv": [0, 0]},
					{"origin": [-3, 3, -65], "size": [4, 4, 8], "uv": [0, 32]},
					{"origin": [-3, 0, -65], "size": [4, 2, 8], "uv": [0, 44]}
				]
			},
			{
				"name": "body1",
				"pivot": [2, 6, -4],
				"cubes": [
					{"origin": [-5, 0, -49], "size": [8, 8, 8], "uv": [0, 16]}
				]
			},
			{
				"name": "body2",
				"pivot": [0, 0, 0],
				"cubes": [
					{"origin": [-5, 0, -41], "size": [8, 8, 8], "uv": [0, 56]}
				]
			},
			{
				"name": "body4",
				"pivot": [0, 0, 0],
				"cubes": [
					{"origin": [-5, 0, -33], "size": [8, 8, 8], "uv": [0, 16]}
				]
			},
			{
				"name": "body5",
				"pivot": [0, 0, 0],
				"cubes": [
					{"origin": [-5, 0, -25], "size": [8, 8, 8], "uv": [0, 56]}
				]
			},
			{
				"name": "body6",
				"pivot": [0, 0, 0],
				"cubes": [
					{"origin": [-5, 0, -17], "size": [8, 8, 8], "uv": [0, 16]}
				]
			},
			{
				"name": "body7",
				"pivot": [0, 0, 0]
			},
			{
				"name": "body8",
				"pivot": [0, 0, 0],
				"cubes": [
					{"origin": [-5, 0, -9], "size": [8, 8, 8], "uv": [0, 56]}
				]
			},
			{
				"name": "body9",
				"pivot": [0, 0, 0],
				"cubes": [
					{"origin": [-5, 0, -1], "size": [8, 8, 8], "uv": [0, 16]}
				]
			},
			{
				"name": "body10",
				"pivot": [0, 0, 0],
				"cubes": [
					{"origin": [-5, 0, 7], "size": [8, 8, 8], "uv": [0, 56]}
				]
			},
			{
				"name": "body11",
				"pivot": [0, 0, 0],
				"cubes": [
					{"origin": [-5, 0, 15], "size": [8, 8, 8], "uv": [0, 16]}
				]
			},
			{
				"name": "body12",
				"pivot": [0, 0, 0],
				"cubes": [
					{"origin": [-5, 0, 23], "size": [8, 8, 8], "uv": [0, 56]}
				]
			},
			{
				"name": "body3",
				"pivot": [0, 0, 0],
				"cubes": [
					{"origin": [-5, 0, 39], "size": [8, 8, 8], "uv": [0, 56]}
				]
			},
			{
				"name": "body13",
				"pivot": [0, 0, 0],
				"cubes": [
					{"origin": [-5, 0, 31], "size": [8, 8, 8], "uv": [0, 16]}
				]
			},
			{
				"name": "body14",
				"pivot": [0, 0, 0],
				"cubes": [
					{"origin": [-5, 0, 47], "size": [8, 8, 8], "uv": [0, 16]}
				]
			},
			{
				"name": "body15",
				"pivot": [0, 0, 0],
				"cubes": [
					{"origin": [-5, 0, 55], "size": [8, 8, 8], "uv": [0, 56]}
				]
			},
			{
				"name": "body16",
				"pivot": [0, 0, 0],
				"cubes": [
					{"origin": [-5, 0, 63], "size": [8, 8, 8], "uv": [0, 16]}
				]
			},
			{
				"name": "body17",
				"pivot": [0, 0, 0],
				"cubes": [
					{"origin": [-5, 0, 71], "size": [8, 8, 8], "uv": [0, 56]}
				]
			},
			{
				"name": "body18",
				"pivot": [0, 0, 0],
				"cubes": [
					{"origin": [-5, 0, 79], "size": [8, 8, 8], "uv": [0, 16]}
				]
			},
			{
				"name": "body19",
				"pivot": [0, 0, 0],
				"cubes": [
					{"origin": [-5, 0, 87], "size": [8, 8, 8], "uv": [0, 56]}
				]
			}
		]
	}
}