{
	"format_version": "1.12.0",
	"minecraft:geometry": [
		{
			"description": {
				"identifier": "geometry.s",
				"texture_width": 64,
				"texture_height": 64,
				"visible_bounds_width": 22,
				"visible_bounds_height": 1,
				"visible_bounds_offset": [0, 0.5, 0]
			},
			"bones": [
				{
					"name": "head",
					"pivot": [0, 0, 0],
					"cubes": [
						{"origin": [-6, 0.5, -68], "size": [6, 5, 10], "uv": [0, 22]}
					]
				},
				{
					"name": "bone",
					"pivot": [0, 0, 10],
					"cubes": [
						{"origin": [-6, 0, -58], "size": [6, 6, 10], "uv": [0, 0]}
					]
				},
				{
					"name": "bone2",
					"pivot": [0, 0, 20],
					"cubes": [
						{"origin": [-6, 0, -48], "size": [6, 6, 10], "uv": [0, 48]}
					]
				},
				{
					"name": "bone3",
					"pivot": [0, 0, 30],
					"cubes": [
						{"origin": [-6, 0, -38], "size": [6, 6, 10], "uv": [0, 0]}
					]
				},
				{
					"name": "bone4",
					"pivot": [0, 0, 40],
					"cubes": [
						{"origin": [-6, 0, -28], "size": [6, 6, 10], "uv": [0, 48]}
					]
				},
				{
					"name": "bone5",
					"pivot": [0, 0, 50],
					"cubes": [
						{"origin": [-6, 0, -18], "size": [6, 6, 10], "uv": [0, 0]}
					]
				},
				{
					"name": "bone6",
					"pivot": [0, 0, 60],
					"cubes": [
						{"origin": [-6, 0, -8], "size": [6, 6, 10], "uv": [0, 48]}
					]
				},
				{
					"name": "bone7",
					"pivot": [0, 0, 70],
					"cubes": [
						{"origin": [-6, 0, 2], "size": [6, 6, 10], "uv": [0, 0]}
					]
				},
				{
					"name": "bone8",
					"pivot": [0, 0, 80],
					"cubes": [
						{"origin": [-6, 0, 12], "size": [6, 6, 10], "uv": [0, 48]}
					]
				},
				{
					"name": "bone9",
					"pivot": [0, 0, 90],
					"cubes": [
						{"origin": [-6, 0, 22], "size": [6, 6, 10], "uv": [0, 0]}
					]
				},
				{
					"name": "bone10",
					"pivot": [0, 0, 100],
					"cubes": [
						{"origin": [-6, 0, 32], "size": [6, 6, 10], "uv": [0, 48]}
					]
				},
				{
					"name": "bone11",
					"pivot": [0, 0, 110],
					"cubes": [
						{"origin": [-6, 0, 42], "size": [6, 6, 10], "uv": [0, 0]}
					]
				},
				{
					"name": "bone12",
					"pivot": [0, 0, 120],
					"cubes": [
						{"origin": [-6, 0, 52], "size": [6, 6, 10], "uv": [0, 48]}
					]
				},
				{
					"name": "bone13",
					"pivot": [0, 0, 130],
					"cubes": [
						{"origin": [-6, 0, 62], "size": [6, 6, 10], "uv": [0, 0]}
					]
				},
				{
					"name": "bone14",
					"pivot": [0, 0, 140],
					"cubes": [
						{"origin": [-6, 0, 72], "size": [6, 6, 10], "uv": [0, 48]}
					]
				},
				{
					"name": "bone15",
					"pivot": [0, 0, 150],
					"cubes": [
						{"origin": [-6, 0, 82], "size": [6, 6, 10], "uv": [0, 0]}
					]
				},
				{
					"name": "bone16",
					"pivot": [0, 0, 160],
					"cubes": [
						{"origin": [-6, 0, 92], "size": [6, 6, 10], "uv": [0, 48]}
					]
				},
				{
					"name": "bone17",
					"pivot": [0, 0, 170],
					"cubes": [
						{"origin": [-6, 0, 102], "size": [6, 6, 10], "uv": [0, 0]}
					]
				},
				{
					"name": "bone18",
					"pivot": [0, 0, 180],
					"cubes": [
						{"origin": [-6, 0, 112], "size": [6, 6, 10], "uv": [0, 48]}
					]
				},
				{
					"name": "bone19",
					"pivot": [0, 0, 190],
					"cubes": [
						{"origin": [-6, 0, 122], "size": [6, 6, 10], "uv": [0, 0]}
					]
				},
				{
					"name": "bone20",
					"pivot": [0, 0, 199],
					"cubes": [
						{"origin": [-6, 0, 132], "size": [6, 6, 10], "uv": [0, 48]}
					]
				},
				{
					"name": "bone21",
					"pivot": [0, 0, 209],
					"cubes": [
						{"origin": [-6, 0, 142], "size": [6, 6, 10], "uv": [0, 0]},
						{"origin": [-6, 0, 162], "size": [6, 6, 10], "uv": [0, 0]}
					]
				},
				{
					"name": "bone22",
					"pivot": [0, 0, 219],
					"cubes": [
						{"origin": [-6, 0, 152], "size": [6, 6, 10], "uv": [0, 48]}
					]
				},
				{
					"name": "bone23",
					"pivot": [0, 0, 239],
					"cubes": [
						{"origin": [-6, 0, 172], "size": [6, 6, 10], "uv": [0, 48]}
					]
				}
			]
		}
	]
}