{
  "format_version": "1.10.0",
  "minecraft:client_entity": {
    "description": {
      "identifier": "iguana:black_iguana",
      "materials": { "default": "cow" },
      "textures": {
        "default": "textures/entity/iguana/black_iguana"
      },
      "geometry": {
        "default": "geometry.iguana"
      },
      "animations": {
        "walk": "animation.iguana.walk"
      },
      "scripts": {
        "animate": [
          "setup",
          { "walk": "query.modified_move_speed" },
          "look_at_target",
          { "baby_transform": "query.is_baby" }
        ]
      },
      "render_controllers": [ "controller.render.cow" ],
      "spawn_egg": {
        "base_color": "# ff000000 ",
        "overlay_color": "# ff444444 "
      }
    }
  }
}