{
  "format_version": "1.8.0",
  "minecraft:client_entity": {
    "description": {
      "identifier": "mcpe:snake_1",
      "materials": {
        "default": "silverfish"
      },
      "textures": {
        "default": "textures/entity/snake/snake_1"
      },
      "geometry": {
        "default": "geometry.s"
      },
      "animations": {
        "move": "animation.snake.move"
      },
      "animation_controllers": [
        { "move": "controller.animation.silverfish.move" }
      ],
      "render_controllers": [ "controller.render.mob" ],
      "spawn_egg": {
        "base_color": "# ff00ef00 ",
        "overlay_color": "# ffd5ff00 "
      }
    }
  }
}