{
  "format_version": "1.8.0",
  "minecraft:spawn_rules": {
    "description": {
      "identifier": "mcpe:snake_7",
      "population_control": "animal"
    },
    "conditions": [
      {
        "minecraft:spawns_on_surface": {},
        "minecraft:brightness_filter": {
          "min": 0,
          "max": 15,
          "adjust_for_weather": false
        },
        "minecraft:weight": {
          "default": 45
        },
        "minecraft:biome_filter": {
          "any_of": [
            {
              "test": "has_biome_tag", "operator": "==", "value": "jungle"
            },
            {
              "test": "has_biome_tag", "operator": "==", "value": "desert"
            },
            {
              "test": "has_biome_tag", "operator": "==", "value": "mesa"
            }
          ]
        }
      }
    ]
  }
}