{
  "format_version": "1.8.0",
  "animations": {
    "animation.lizard.walk": {
      "anim_time_update": "query.modified_distance_moved",
      "loop": true,
      "bones": {
        "tail1": {
          "rotation": [ 0.0, "Math.cos(query.life_time * 1031.4) * 0", 0.0 ],
          "position": [ "Math.sin(query.life_time * 1031.4) * 1.5", 0.0, 0.0 ]
        },
   
        "leg1": { "rotation": [ "Math.cos(query.anim_time * 38.17) * 5.0", 0.0, -6.0] },
        "leg2": { "rotation": [ "Math.cos(query.anim_time * 38.17) *  -8.0", 0.0, 9.0 ] }
      }
    }
  }
}