{
	"format_version": "1.8.0",
	"animations": {
		"animation.snake.move": {
            "loop": true,
			"animation_length": 2.25,
			"bones": {

				"bone": {
					"position": {
						"0.0": [0, 0, 0],
						"0.1": [-1, 0, 0],
						"1.25": [1, 0, 0]
					}
				},
				"bone2": {
					"position": {
						"0.0": [0, 0, 0],
						"0.15": [-2, 0, 0],
						"1.30": [2, 0, 0]
					}
				},
				"bone3": {
					"position": {
						"0.0": [0, 0, 0],
						"0.20": [-3, 0, 0],
						"1.35": [3, 0, 0]
					}
				},
				"bone4": {
					"position": {
						"0.0": [0, 0, 0],
						"0.25": [-4, 0, 0],
						"1.40": [4, 0, 0]
					}
				},
				"bone5": {
					"position": {
						"0.0": [0, 0, 0],
						"0.30": [-5, 0, 0],
						"1.45": [5, 0, 0]
					}
				},
				"bone6": {
					"position": {
						"0.0": [0, 0, 0],
						"0.35": [-6, 0, 0],
						"1.50": [6, 0, 0]
					}
				},
				"bone7": {
					"position": {
						"0.0": [0, 0, 0],
						"0.40333": [-7, 0, 0],
						"1.55": [7, 0, 0]
					}
				},
				"bone8": {
					"position": {
						"0.0": [0, 0, 0],
					"1.60": [8, 0, 0],	
					"0.45": [-8, 0, 0]
					}
				},
				"bone9": {
					"position": {
						"0.0": [0, 0, 0],
						"1.65": [9, 0, 0],
						"0.5033": [-9, 0, 0]
					}
				},
				"bone10": {
					"position": {
						"0.0": [0, 0, 0],
						"1.70": [10, 0, 0],
						"0.5567": [-10, 0, 0]
					}
				},
				"bone11": {
					"position": {
						"0.0": [0, 0, 0],
						"1.75": [12, 0, 0],
						"0.6067": [-12, 0, 0]
					}
				},
				"bone12": {
					"position": {
						"0.0": [0, 0, 0],
						"1.80": [11, 0, 0],
						"0.6533": [-11, 0, 0]
					}
				},
				"bone13": {
					"position": {
						"0.0": [0, 0, 0],
						"1.80": [12, 0, 0],
						"0.7067": [-12, 0, 0]
					}
				},
				"bone14": {
					"position": {
						"0.0": [0, 0, 0],
						"1.85": [13, 0, 0],
                     "0.7567": [-13, 0, 0]
					}
				},
				"bone15": {
					"position": {
						"0.0": [0, 0, 0],
						"1.90": [11, 0, 0],
						"0.8067": [-11, 0, 0]
					}
				},
				"bone16": {
					"position": {
						"0.0": [0, 0, 0],
						"1.957": [10, 0, 0],
						"0.8567": [-10, 0, 0]
					}
				},
				"bone17": {
					"position": {
						"0.0": [0, 0, 0],
						"2.0": [8, 0, 0],
						"0.9033": [-8, 0, 0]
					}
				},
				"bone18": {
					"position": {
						"0.0": [0, 0, 0],
						"2.05": [6, 0, 0],
						"0.9567": [-6, 0, 0]
					}
				},
				"bone19": {
					"position": {
						"0.0": [0, 0, 0],
						"2.1": [4, 0, 0],
						"1.0833": [-4, 0, 0]
					}
				},
				"bone20": {
					"position": {
						"0.0": [0, 0, 0],
						"2.15": [2, 0, 0],	                         "1.1": [-2, 0, 0]
					}
				},
				"bone21": {
					"position": {
						"0.0": [0, 0, 0],
						"2.2": [0, 0, 0],
						"1.1567": [0, 0, 0]
					}
				},
				"bone22": {
					"position": {
						"0.0": [0, 0, 0],
						"2.25": [-2, 0, 0],
						"1.20": [2, 0, 0]
					}
				},
				"bone243": {
					"rotation": [0, 0, 0],
					"position": [0, 0, 0]
				}
			}
		}
	}
}